"","Kvichak","Alagnak","Naknek","Egegik","Ugashik"
"Naknek-Kvichak",1.45898234174862,1.43953259966379,1.87588979399828,0.16120446052369,0.0637194884971207
"Egegik",0.215787894802035,0.161119110904897,0.246275025116914,3.95548253467242,0.420612579594138
"Ugashik",0.0603368572663431,0.0425733300503224,0.035627785468431,0.245381068963965,4.615923915
