"","Kvichak","Alagnak","Naknek","Egegik","Ugashik"
"Naknek-Kvichak",1.45854120510881,1.43913409994068,1.87665874542203,0.162295468041932,0.0627105441860678
"Egegik",0.216000706322339,0.160092854235322,0.247137371603068,3.94773709367797,0.428321371050169
"Ugashik",0.0597185567060661,0.043041494868622,0.0351919901764576,0.251275880259491,4.61061769650847
