"","Kvichak","Alagnak","Naknek","Egegik","Ugashik"
"Naknek-Kvichak",1.45870014097322,1.43920481714407,1.87638769884576,0.162336308023288,0.0627110976922542
"Egegik",0.215998537234203,0.16008898106583,0.247070793599678,3.94778079154237,0.42835029344339
"Ugashik",0.059717301478778,0.0431104708548932,0.0352598965923559,0.251289920801864,4.61046802879661
