"","Kvichak","Alagnak","Naknek","Egegik","Ugashik"
"Naknek-Kvichak",1.45746010269541,1.4370992087459,1.87982633549016,0.162058060993016,0.0629179920881639
"Egegik",0.212729363109639,0.157150139109738,0.245722168573459,3.94479414029508,0.438916884291148
"Ugashik",0.0655460140529164,0.0479945234926016,0.0378869418111311,0.252365847523115,4.59605735332787
