"","Kvichak","Alagnak","Naknek","Egegik","Ugashik"
"Naknek-Kvichak",1.45542154048105,1.44218482076316,1.87852363940175,0.161461499346737,0.064443686680193
"Egegik",0.216150955736456,0.162376594368491,0.250406282385632,3.95941530959649,0.413854182148421
"Ugashik",0.0613619878093842,0.0427868125954912,0.0360613441129298,0.249312905235614,4.61124582624561
