"","Kvichak","Alagnak","Naknek","Egegik","Ugashik"
"Naknek-Kvichak",1.46059366077367,1.44168048329167,1.87415439759833,0.160475577631233,0.0624469423579667
"Egegik",0.2150655687053,0.1578332671299,0.24551180136135,3.94763855343334,0.433252049656
"Ugashik",0.066428702738465,0.0474254678499783,0.0373793613428167,0.254665915635167,4.59394874396667
