"","Kvichak","Alagnak","Naknek","Egegik","Ugashik"
"Naknek-Kvichak",1.44381200778945,1.44539911002727,1.88524840305273,0.163135316733527,0.0684058762952909
"Egegik",0.223542986018509,0.164185756754073,0.249376206959655,3.95731980398182,0.409514520502
"Ugashik",0.0618320204861618,0.0437747348464545,0.0350518244826364,0.251484189129636,4.61111230198182
