"","Kvichak","Alagnak","Naknek","Egegik","Ugashik"
"Naknek-Kvichak",1.44379755673964,1.4445573259375,1.88329111253393,0.161945712260964,0.065518140138625
"Egegik",0.218293365575321,0.162570705952571,0.248416844817518,3.95852026257143,0.411388660435
"Ugashik",0.0620528947819982,0.0435082206687143,0.0367283179634286,0.250534128555714,4.60698603605357
