"","Kvichak","Alagnak","Naknek","Egegik","Ugashik"
"Naknek-Kvichak",1.45398501819714,1.43877896594445,1.88308441566508,0.159082693962444,0.0644508697655238
"Egegik",0.209656542786476,0.154557870358476,0.244631611666365,3.94396238433333,0.446526105413651
"Ugashik",0.064945386839173,0.0475613144151714,0.0398030139852222,0.259699489754127,4.58784621557143
