"","Kvichak","Alagnak","Naknek","Egegik","Ugashik"
"Naknek-Kvichak",1.46156898979684,1.43933235569298,1.87814052117368,0.161547990261649,0.0654222439599298
"Egegik",0.21927172084593,0.163440137626912,0.250708996022474,3.9509459244386,0.42014491616193
"Ugashik",0.0621207102468228,0.0443902791622456,0.0371271691730175,0.251297921579474,4.60889142545614
