"","sel.mean","sel.sd","sel.cv","2.5%","25%","50%","75%","97.5%"
"1",0.105762689928076,0.180672356490895,1.70828064805994,3.665129161135e-07,0.01652223435,0.06525570871,0.12682635465,0.386457390985
"2",0.960172430633559,0.37738183134089,0.393035479150217,0.077818473961,0.76112715935,0.963334001,1.14982879,1.7292758749
"3",1.20880579510203,0.462758532040798,0.382822893400951,0.103444047615,0.9568001571,1.152596315,1.531516484,2.0141567118
"4",1.04688920648911,0.548991957727542,0.524403111928782,9.58399911245e-07,0.78208845495,1.096398451,1.397911681,1.91515786555
"5",1.67880712655287,0.859687954903195,0.512082621824708,0.41493770324,1.156537163,1.601871801,1.978259107,3.92464216564999
