"","sel.mean","sel.sd","sel.cv","2.5%","25%","50%","75%","97.5%"
"1",0.106722894049422,0.182098390925655,1.70627298432638,3.5060050222775e-07,0.01612805567,0.06613946141,0.127704575025,0.3875130783025
"2",0.957450132385862,0.380092984422287,0.396984627779137,0.0775950209965,0.758408614275,0.96298561285,1.154813157,1.73086250435
"3",1.2025017533969,0.464237596414937,0.386059808315066,0.1031163770475,0.95665101665,1.147028421,1.52174420675,2.0145950892
"4",1.0353222809803,0.546486441836867,0.527841863230669,9.534051223925e-07,0.780508425925,1.0832812355,1.391069283,1.919214129575
"5",1.69844772669688,0.853739233239659,0.502658527442585,0.41207469256,1.19851457825,1.6302135375,1.9816626985,3.96731776222499
