"","sel.mean","sel.sd","sel.cv","2.5%","25%","50%","75%","97.5%"
"1",0.108187005387131,0.183372335522915,1.69495712416426,3.34688088342e-07,0.01573387699,0.06702321411,0.1285827954,0.38856876562
"2",0.956569153304912,0.383411908107207,0.400819853726762,0.077371568032,0.7556900692,0.9626372247,1.159797524,1.7324491338
"3",1.18812375775474,0.455149199508013,0.383082314899698,0.10278870648,0.9565018762,1.141460527,1.507058531,1.9648320366
"4",1.02570311924311,0.546367960528974,0.532676512607421,9.4841033354e-07,0.7789283969,1.07016402,1.378045599,1.9232703936
"5",1.72186955504244,0.842318403838489,0.489188278735626,0.5415850932,1.238107958,1.658555274,1.98506629,4.0099933588
