"","sel.mean","sel.sd","sel.cv","2.5%","25%","50%","75%","97.5%"
"1",0.108537647807096,0.183336200664335,1.68914846017466,3.34688088342e-07,0.01731059171,0.06702321411,0.1285827954,0.38856876562
"2",0.948480875366316,0.390426094808976,0.411633070258995,0.077371568032,0.7389677087,0.9626372247,1.159797524,1.7324491338
"3",1.18159100390737,0.464252478510776,0.392904547322681,0.10278870648,0.9565018762,1.133444047,1.509744737,1.9648320366
"4",1.01006944550101,0.540448134765538,0.535060373494883,9.4841033354e-07,0.7523228778,1.07016402,1.355306951,1.8976010754
"5",1.75786160068981,0.862725248716176,0.490781099250152,0.5415850932,1.305495667,1.660539815,1.98506629,4.2335912472
