"","sel.mean","sel.sd","sel.cv","2.5%","25%","50%","75%","97.5%"
"1",0.111491048439754,0.185827049838115,1.66674412375384,3.028632605705e-07,0.01904688841,0.06820453456,0.13181975145,0.390680140255
"2",0.958603442903273,0.394504871164975,0.411541262537258,0.076924662103,0.74732888895,0.963334001,1.1863616515,1.7356223927
"3",1.180184587604,0.470781909128102,0.398905318772108,0.102133365345,0.94300525815,1.133444047,1.5168489815,1.9738461244
"4",0.989272838601043,0.532220850548586,0.537991977320649,9.38420755835e-07,0.75077191195,1.067981203,1.35232405,1.80835502525
"5",1.76313823721307,0.869977098149723,0.493425347932368,0.533627448825,1.314043593,1.660539815,2.047384907,4.23827760935
