"","sel.mean","sel.sd","sel.cv","2.5%","25%","50%","75%","97.5%"
"1",0.101996028304257,0.178729902164445,1.75232217504871,9.8066325335e-08,0.01457126135,0.06216084067,0.1250699139,0.38434601635
"2",0.962446540484918,0.385009484926171,0.400032073191502,0.07826537989,0.7556900692,0.963334001,1.212925779,1.726102616
"3",1.21059254433148,0.471334202147413,0.389341735462032,0.10409938875,0.9565018762,1.152596315,1.536393536,2.013279957
"4",1.05146483021078,0.547252928832944,0.520467174088212,9.6838948895e-07,0.7789283969,1.096398451,1.400412851,1.9070453375
"5",1.67392297042162,0.901891620835605,0.538789201637181,0.15542545215,1.127757541,1.601871801,1.98506629,3.9906425235
