"","sel.mean","sel.sd","sel.cv","2.5%","25%","50%","75%","97.5%"
"1",0.109803972759938,0.182901510712881,1.66570941028477,3.34688088342e-07,0.01731059171,0.07022263719,0.1285827954,0.38856876562
"2",0.958625629901404,0.382863440353947,0.399387861550629,0.077371568032,0.7556900692,0.9626372247,1.159797524,1.7324491338
"3",1.18928707508807,0.457320403427388,0.384533232561635,0.10278870648,0.9565018762,1.133444047,1.526639432,1.9648320366
"4",1.02717106636592,0.55472993161362,0.540056033291735,9.4841033354e-07,0.7789283969,1.07016402,1.378045599,2.0045825988
"5",1.7181745522056,0.858699592306009,0.499774362973604,0.22854582012,1.305495667,1.658555274,1.98506629,4.0099933588
