"","sel.mean","sel.sd","sel.cv","2.5%","25%","50%","75%","97.5%"
"1",0.105157958656381,0.180921516738413,1.72047383812005,3.665129161135e-07,0.01515256917,0.06525570871,0.12682635465,0.386457390985
"2",0.946677632553898,0.385780457610463,0.407509847433201,0.077818473961,0.74732888895,0.9626372247,1.14982879,1.7292758749
"3",1.18979888051898,0.470447828341211,0.39540113547258,0.103444047615,0.94300525815,1.141460527,1.5168489815,2.0141567118
"4",1.02962954600606,0.543516664077006,0.52787593963801,9.58399911245e-07,0.76562563735,1.07016402,1.386728055,1.91515786555
"5",1.7291732311088,0.878637173809115,0.508125593203699,0.41493770324,1.2117123715,1.658555274,2.047384907,4.16110521635
