"","sel.mean","sel.sd","sel.cv","2.5%","25%","50%","75%","97.5%"
"1",0.103499133616328,0.179848973555212,1.73768578799813,9.716748237675e-08,0.01544322308,0.06370827469,0.125948134275,0.3854017036675
"2",0.956103275359667,0.385030721719946,0.402708296941149,0.0780419269255,0.751509479075,0.96298561285,1.17307958775,1.72768924545
"3",1.20071437725367,0.468900980664248,0.390518336039868,0.1037717181825,0.949753567175,1.147028421,1.529077958,2.0137183344
"4",1.04175793928096,0.546549844666575,0.524641880861321,9.633947000975e-07,0.772277017125,1.0832812355,1.396661096,1.911101601525
"5",1.69835523631698,0.888912164986402,0.523395898560113,0.226620208715,1.170926974,1.6302135375,2.0162255985,4.025750542525
