"","Igushik","Wood","Nushagak"
"Nushagak",0.550183092444445,1.37763462854921,1.07218245906349
