"","Igushik","Wood","Nushagak"
"Nushagak",0.535056887240678,1.39648369085932,1.06845961417119
