"","Igushik","Wood","Nushagak"
"Nushagak",0.546104144919672,1.38655497123934,1.06734106981967
