"","Igushik","Wood","Nushagak"
"Nushagak",0.525619403910909,1.40801114921273,1.06636965312909
