"","Igushik","Wood","Nushagak"
"Nushagak",0.546522659408334,1.38668662134333,1.06679090831667
