"","Igushik","Wood","Nushagak"
"Nushagak",0.533775123822414,1.40241421725345,1.06381085450172
