"","Igushik","Wood","Nushagak"
"Nushagak",0.528165715705263,1.40549390790702,1.06634057538772
