"","Igushik","Wood","Nushagak"
"Nushagak",0.524926966198214,1.40661583036964,1.06845740599643
