"","Igushik","Wood","Nushagak"
"Nushagak",0.528165572829825,1.40549174371404,1.06634288245439
