"","sel.mean","sel.sd","sel.cv","2.5%","25%","50%","75%","97.5%"
"1",0.257764641523819,0.498900516594641,1.93548856679996,1.78836312404e-07,1.638021793e-06,0.04648370142,0.3572074429,1.4975564062
"2",0.774175704643158,0.360673171369756,0.465880250706138,0.1321825579,0.5781561283,0.7989011951,1.035607139,1.3940302878
"3",1.1977067323,0.553371503853939,0.462025877395946,0.19555602438,0.9295501192,1.235291423,1.574669414,2.3388395748
"4",1.10160397064841,0.700502038373184,0.635892804526534,2.8584701864e-06,0.7534972769,1.046185697,1.427800027,2.8526175864
"5",1.66874895394211,0.867018977279033,0.519562259638191,0.323482586390326,1.219199289,1.47676153,1.923889993,4.1377970122
