"","sel.mean","sel.sd","sel.cv","2.5%","25%","50%","75%","97.5%"
"1",0.259343502872281,0.501650795397579,1.93431024815235,0.00000017229666275,0.000001587868419,0.045603113335,0.3732207418,1.513111141125
"2",0.775629515117143,0.363322852056161,0.468423190421381,0.1314958318875,0.5646914944,0.79812756425,1.0360746515,1.395295207125
"3",1.1963199081625,0.556967428971595,0.465567299491885,0.194155171475,0.889849000075,1.235983196,1.58512093525,2.348427360125
"4",1.1004344826082,0.707129305484863,0.642591009878984,0.00000278008261875,0.729528610625,1.039550372,1.43302001975,2.868099762
"5",1.66827259437521,0.867855885617646,0.520212277384242,0.319940669710756,1.21776521825,1.4714387535,1.848097822,4.147402202625
