"","list.dist","list.stock","list.mean","list.sd","list.cv","X2.5.","X25.","X50.","X75.","X97.5."
"Igushik","Nushagak","Igushik","0.566784860395833","0.308040601906411","0.54348770306123","0.158451108905","0.4014869493","0.5123314317","0.610024754125","1.295038961875"
"Wood","Nushagak","Wood","1.37235172502917","0.339873983004025","0.247658072493625","0.7619456515975","1.21345477325","1.3530329385","1.54401890525","2.096423609"
"Nushagak","Nushagak","Nushagak","1.06086341504583","0.29760256981747","0.280528638839537","0.556472676945","0.917926317925","1.032638493","1.1469078925","1.635485892"
