"","sel.mean","sel.sd","sel.cv","2.5%","25%","50%","75%","97.5%"
"1",0.256140926897629,0.486409594852544,1.89899209292292,1.98455261366e-07,1.79882265025e-06,0.053434805215,0.339381958,1.450892201425
"2",0.792280263881,0.364151794226036,0.459624972155978,0.1342427359375,0.60395642335,0.81494481635,1.047055326,1.394090513925
"3",1.20426031750167,0.541829180751343,0.449926957549685,0.199758583095,0.929589582325,1.235983196,1.564323836,2.310076218825
"4",1.11525451829932,0.686090930515117,0.615187761410151,3.09363288935e-06,0.795428114225,1.0659423065,1.4493462185,2.8061710596
"5",1.63206397639334,0.862244874057869,0.528315609271227,0.273604619891535,1.21344092775,1.4540116605,1.848097822,4.108981440925
