"","list.dist","list.stock","list.mean","list.sd","list.cv","X2.5.","X25.","X50.","X75.","X97.5."
"Igushik","Nushagak","Igushik","0.554318135613043","0.308711094164611","0.556920429498838","0.15775385507","0.3989710687","0.5115358217","0.5916157782","1.29934251075"
"Wood","Nushagak","Wood","1.37867157355217","0.346067670176736","0.251015308370423","0.758936272215","1.247405818","1.362185346","1.5481831275","2.103200211"
"Nushagak","Nushagak","Nushagak","1.0670102913","0.302729315299954","0.283717334095364","0.54388379923","0.9305818166","1.037538955","1.157726562","1.641361088"
