"","sel.mean","sel.sd","sel.cv","2.5%","25%","50%","75%","97.5%"
"1",0.252482082548815,0.483184924632352,1.91373946125042,2.0499491102e-07,1.852422936e-06,0.05021353423,0.3334401297,1.4353374665
"2",0.794277738215738,0.361441287824456,0.455056550667524,0.13492946195,0.6125565217,0.8158382312,1.037477189,1.3930284885
"3",1.20244230273934,0.537482554073476,0.446992386120324,0.201159436,0.9296027367,1.235291423,1.56087531,2.3004884335
"4",1.11419459037638,0.680399845041251,0.610665184446288,3.172020457e-06,0.80940506,1.057080033,1.448684879,2.790688884
"5",1.63660328905902,0.855764013062697,0.522890317270916,0.288003965458605,1.213463006,1.466115977,1.908962049,4.0993762505
