"","sel.mean","sel.sd","sel.cv","2.5%","25%","50%","75%","97.5%"
"1",0.257716008585724,0.490432471997501,1.9029957614541,1.91915611712e-07,1.7452223645e-06,0.05021353423,0.3453237863,1.46644693635
"2",0.785695359184068,0.364022409722886,0.463312409151707,0.133556009925,0.595356325,0.8140514015,1.036542164,1.41332570655
"3",1.1990903959339,0.544538735337712,0.454126508880595,0.19835773019,0.92957642795,1.235291423,1.567772362,2.31966400415
"4",1.10940240615185,0.690201175125874,0.622137802567015,3.0152453217e-06,0.78145116845,1.057080033,1.438242453,2.8216532352
"5",1.64809583318306,0.859318910354483,0.521401057543379,0.363915777924466,1.2134188495,1.466115977,1.873361879,4.11858663135
