"","list.dist","list.stock","list.mean","list.sd","list.cv","X2.5.","X25.","X50.","X75.","X97.5."
"Igushik","Nushagak","Igushik","0.593663039703846","0.322248503206594","0.542813821401701","0.159845616575","0.405915662325","0.51877391065","0.623635870425","1.28713472975"
"Wood","Nushagak","Wood","1.33836977233077","0.349104624312309","0.260843177670057","0.7651859227375","1.1321447915","1.343210683","1.53255793975","2.082870405"
"Nushagak","Nushagak","Nushagak","1.06796718842308","0.291283366196019","0.272745613679497","0.581650432375","0.926592482175","1.032638493","1.1685452315","1.6237355"
