"","list.dist","list.stock","list.mean","list.sd","list.cv","X2.5.","X25.","X50.","X75.","X97.5."
"Igushik","Nushagak","Igushik","0.550140318235","0.329455807003289","0.598857775158659","0.155662093565","0.383421422725","0.4986275507","0.571070094625","1.312253157375"
"Wood","Nushagak","Wood","1.382715714585","0.367408620226334","0.265715227180018","0.7499081340675","1.2711291025","1.370188422","1.5569982335","2.123530017"
"Nushagak","Nushagak","Nushagak","1.067143967705","0.314203453627861","0.29443398748117","0.506117166085","0.951996005425","1.043544038","1.1469078925","1.658986676"
