"","list.dist","list.stock","list.mean","list.sd","list.cv","X2.5.","X25.","X50.","X75.","X97.5."
"Igushik","Nushagak","Igushik","0.5684894326","0.301675227242629","0.530661099297678","0.15914836274","0.4040028299","0.5131270417","0.6093991655","1.290735413"
"Wood","Nushagak","Wood","1.359558182428","0.338811298193292","0.249206913372562","0.76495503098","1.172833466","1.343880531","1.539854683","2.089647007"
"Nushagak","Nushagak","Nushagak","1.071952385444","0.296565536505001","0.276659243947822","0.56906155466","0.9194852612","1.037538955","1.179363901","1.629610696"
