"","sel.mean","sel.sd","sel.cv","2.5%","25%","50%","75%","97.5%"
"1",0.259069391319961,0.494604656365368,1.90915898572716,1.85375962058e-07,1.69162207875e-06,0.048348617825,0.3512656146,1.482001671275
"2",0.774894024066552,0.357537226271576,0.461401449962491,0.1328692839125,0.58675622665,0.8064762983,1.0333444005,1.392765368475
"3",1.20104680917414,0.54908541665845,0.457172370355833,0.196956877285,0.929563273575,1.235983196,1.571220888,2.329251789475
"4",1.10824891482689,0.696171879473661,0.628172850124023,2.93685775405e-06,0.767474222675,1.051632865,1.443463666,2.8371354108
"5",1.65674086366897,0.864232068826148,0.521645893922266,0.343699182157396,1.21489707675,1.4714387535,1.898625936,4.128191821775
