"","list.dist","list.stock","list.mean","list.sd","list.cv","X2.5.","X25.","X50.","X75.","X97.5."
"Igushik","Nushagak","Igushik","0.547263162495455","0.314071771758596","0.573895327298235","0.157056601235","0.3964551881","0.4986275507","0.574525482675","1.303646059625"
"Wood","Nushagak","Wood","1.38031378639545","0.354119891701093","0.256550282400526","0.7559268928325","1.210117074","1.370188422","1.55234734975","2.109976813"
"Nushagak","Nushagak","Nushagak","1.07242305162727","0.308711062366333","0.287863135632809","0.531294921515","0.926164993875","1.043544038","1.1685452315","1.647236284"
