"","list.dist","list.stock","list.mean","list.sd","list.cv","X2.5.","X25.","X50.","X75.","X97.5."
"Igushik","Nushagak","Igushik","0.590971566959259","0.316299988533143","0.535220315523147","0.16054287041","0.40782849475","0.5209932756","0.61889030255","1.2828592955"
"Wood","Nushagak","Wood","1.33986185354074","0.342413034155818","0.25555846168092","0.768084162615","1.145707683","1.343880531","1.5252611965","2.076093803"
"Nushagak","Nushagak","Nushagak","1.06916657996296","0.285694823779097","0.267212639389639","0.59423931009","0.93369970315","1.037538955","1.157726562","1.617860304"
