"","sel.mean","sel.sd","sel.cv","2.5%","25%","50%","75%","97.5%"
"1",0.257025440023012,0.490573571467358,1.90865764658718,1.91915611712e-07,1.7452223645e-06,0.05021353423,0.3453237863,1.46644693635
"2",0.780253990675593,0.356824716748261,0.457318669321127,0.133556009925,0.595356325,0.8140514015,1.036542164,1.39150044915
"3",1.19490730308983,0.546370320600014,0.457249126511481,0.19835773019,0.8841830347,1.235291423,1.567772362,2.31966400415
"4",1.10486988171118,0.690632184434084,0.625080107500497,3.0152453217e-06,0.78145116845,1.046185697,1.438242453,2.8216532352
"5",1.66294338752204,0.8580730388175,0.515996542790382,0.363915777924466,1.2163311475,1.47676153,1.93069981,4.11858663135
