"","sel.mean","sel.sd","sel.cv","2.5%","25%","50%","75%","97.5%"
"1",0.250902034221777,0.502273851387597,2.00187237598731,1.65757013096e-07,1.537715045e-06,0.04472252525,0.34361507015,1.52866587605
"2",0.774956139204727,0.36668858271023,0.473173337379496,0.130809105875,0.5512268605,0.7973539334,1.036542164,1.39656012645
"3",1.18720423940182,0.557597283494566,0.469672584538205,0.19275431857,0.85014788095,1.235291423,1.5120511015,2.35801514545
"4",1.09860642759926,0.711767494063412,0.647882149769329,2.7016950511e-06,0.70555994435,1.046185697,1.409189101,2.8835819376
"5",1.68833116205014,0.868598839061483,0.514471839758466,0.298612428671187,1.2554103295,1.485309057,1.873361879,4.15700739305
